,City/Year,Mean,Median,Mode
0,San Francisco 2020,202.76553880102978,138.0,150
1,San Francisco 2023,324.5233785822021,150.0,120
2,New York City 2020,157.28407673112912,100.0,150
3,New York City 2023,218.02622576966934,134.0,150
4,Twin Cities 2020,364.5548436699129,120.0,75
5,Twin Cities 2023,181.9949531362653,120.0,100
